[
  {
    "id": 1,
    "priority": 2,
    "action": { "type": "allow" },
    "condition": {
      "regexFilter": "https?://(localhost|127\\.0\\.0\\.1):7657/.*",
      "resourceTypes": ["main_frame", "sub_frame", "xmlhttprequest", "ping", "other"]
    }
  },
  {
    "id": 2,
    "priority": 1,
    "action": { "type": "block" },
    "condition": {
      "regexFilter": "https?://(localhost|127\\.0\\.0\\.1)(?::\\d+)?/.*",
      "resourceTypes": ["main_frame", "sub_frame", "xmlhttprequest", "ping", "other"]
    }
  }
]
